dbfasta,dbgff,genelist,qfasta,qpsl,outdir
reference_genome.fasta,reference_genome.gff3,summary_gene_reference_genome.csv,reference_genome.fasta,null,asm2sv_reference
reference_genome.fasta,reference_genome.gff3,summary_gene_reference_genome.csv,sample_genome_1.fasta,null,asm2sv_genome_1
reference_genome.fasta,reference_genome.gff3,summary_gene_reference_genome.csv,sample_genome_2.fasta,null,asm2sv_genome_2
reference_genome.fasta,reference_genome.gff3,summary_gene_reference_genome.csv,sample_genome_3.fasta,null,asm2sv_genome_3
